ID_ASIGNATURA,NOMBRE,CREDITOS,HORAS,DEPARTAMENTO,OFICIAL
1000,TEM. SEL. DE MANUFACTURA,8,4,,1
1009,BIOMECANICA,10,5,,1
1010,SISTEMAS EMBEBIDOS,8,4,,1
1016,SUBESTACIONES ELECTRICAS,8,4,,1
1018,PROCESAMIENTO DIGITAL DE VOZ,8,4,,1
1023,SISMOLOGIA APL.EXPLOR.PETROL,8,4,,1
1024,PROCESAMIENTO DATOS SIS.PET.,8,4,,1
1026,PERCEPCION REMOTA APLICADA,8,4,,1
1028,FUENTE SISMICA,8,4,,1
1030,SISMOLOGIA DE MOVTOS.FUERTES,8,4,,1
1032,SISMOLOGIA APLDA.A GEOTECNIA,8,4,,1
1041,GEOLOGIA MARINA-CONTAMINACIO,6,3,,1
1042,ECONOMIA YACIMTOS-LEG.MINERA,6,3,,1
1046,GEOLOGIA URBANA,6,3,,1
1047,RIESGOS VOLCANICOS,6,3,,1
1051,HISTOLOGIA,8,4,,1
1052,ETICA PROFESIONAL,6,3,,1
1053,FISIOLOGIA,8,4,,1
1054,LOGISTICA Y ADMINISTR. HOSPITALARIA,10,5,,1
1055,LITERATURA HISPANOAMERICANA CONTEMPO,6,3,,1
1056,ABANDONO DE MINAS,6,3,,1
1057,DESARROLLO DE HABILIDADES DIRECTIVAS,6,3,,1
1058,LIDERAZGO Y DIRECCION DE EMPRESAS,6,3,,1
1059,DESARROLLO EMPRESARIAL,6,3,,1
1060,ENVASE Y EMBALAJE,6,3,,1
1061,GEOLOGIA APLICADA A LA ING. CIVIL,9,4.5,,1
1062,BENEFICIO MINERALES NO METALICOS,6,3,,1
1063,BIOLIXIVIACION,6,3,,1
1064,SISTEMAS ELECTRICOS DE POTENCIA II,11,5.5,,1
1065,DINAMICA DE MAQUINARIA,8,4,,1
1066,GEOLOGIA DEL PETROLEO,9,4.5,,1
1067,GEOMETRIA DESCRIPTIVA APLICADA,6,3,,1
1068,INGENIERIA DE PERFORACION DE POZOS,10,5,,1
1069,FLUIDOS DE PERFORACION,6,3,,1
1070,HIDRAULICA Y CONTROL DE POZOS,6,3,,1
1071,PERFORACION POZOS EN AGUAS PROFUND.,6,3,,1
1072,TERMINAC. MANEJO PRODUCC.AGUAS PROF.,6,3,,1
1073,COMERCIALIZACION CRUDO Y GAS NATUR.,6,3,,1
1074,LEGISLACION INDUSTRIAL,6,3,,1
1075,INGENIER. PRODUCC. DE GAS NATURAL,6,3,,1
1076,RENTABIL. PROYEC. INGENIER. PETROLER,6,3,,1
1077,REDES DE RECOLECCION,6,3,,1
1079,SISMOLOGIA APLIC. EXPLORACION PETRO.,6,3,,1
1080,FRACTURAMIENTO HIDRAULICO,6,3,,1
1081,YACIMIENTOS GAS BAJA PERMEABILIDAD,6,3,,1
1082,YACIMIENTOS GAS Y CONDENSADO,6,3,,1
1083,CARACT. ESTATICA Y DINAMICA DE YNF,6,3,,1
1084,GEOLOGIA DE YNF,6,3,,1
1085,RECUPERACION SECUNDAR. MEJORADA YNF,6,3,,1
1086,SIMULACION NUMERICA DE YNF,6,3,,1
1087,SEGURIDAD INDUSTRIAL,6,3,,1
1088,HIDROGEOLOGIA,9,4.5,,1
1089,INGENIERIA DE YACIMIENTOS GEOTERM.,9,4.5,,1
1090,SIMULACION MATEMATICA DE YACIMIENTOS,9,4.5,,1
1091,AMPLIFICADORES DE ALTA FRECUENCIA,6,3,,1
1092,AUTOMATIZACION DE SISTEM.ELECTRICS,8,4,,1
1093,CONTROL DE SISTEMAS NO LINEALES,8,4,,1
1094,CONTROLADOR.E INSTRUM.BASAD.MICROS,8,4,,1
1095,CONTR.DISTR.INTEGR.SCADA (REDS.AUT,8,4,,1
1096,ELECTRONICA PARA MICROONDAS,6,3,,1
1097,FUNDAMENTOS DE ENERGIA NUCLEAR,6,3,,1
1099,ILUMINACION,6,3,,1
109,COMUNICACIONES DIGITALES,10,5,,1
1100,ALGEBRA,9,4.5,,1
1102,GEOMETRIA ANALITICA,9,4.5,,1
1107,CULTURA Y COMUNICACION,6,3,,1
1108,CALCULO DIFERENCIAL,9,4.5,,1
1109,QUIMICA Y ESTRUCTURA DE MATERIALES,10,5,,1
1110,PRACTICAS DE TOPOGRAFIA I,5,2.5,,1
1111,TOPOGRAFIA I,12,6,,1
1112,COMPUTACION PARA INGENIEROS,8,4,,1
1113,COSTOS E INGENIERIA ECONOMICA,8,4,,1
1114,TOPOGRAFIA I,9,4.5,,1
1115,SISTEMAS DE COMERCIALIZACION,6,3,,1
1116,TEM. SEL. DE INGENIERIA PETROLERA,6,3,,1
1120,ALGEBRA,8,4,,1
1121,CALCULO Y GEOMETRIA ANALITICA,12,6,,1
1122,FUNDAMENTOS DE PROGRAMACION,10,5,,1
1123,QUIMICA,10,5,,1
1124,REDACCION Y EXPOSIC TEMAS INGENIERIA,6,3,,1
1125,QUIMICA DE CIENCIAS DE LA TIERRA,10,5,,1
1126,INTRODUCCION INGENIERIA PETROLERA,4,2,,1
1127,PROGRAMACION BASICA,6,3,,1
1128,REPRESENTACIONES GRAFICAS,8,4,,1
1129,INGENIERIA INDUSTRIAL Y PRODUCTIVIDA,4,2,,1
1130,FUNDAMENTOS DE FISICA,6,3,,1
1131,INTRODUC.INGENIER.MINAS Y METALURGIA,4,2,,1
1137,PETROLOGIA,6,3,,1
1138,PRINCIPIOS PRACTICOS DE ELECTRONICA,4,2,,1
1139,EXPLORACION GEOQUIMICA MINERA,8,4,,1
1141,TEMAS SEL.DE INGENIERIA GEOFISICA I,8,4,,1
1142,TEMAS SEL.DE INGENIERIA GEOFISICA II,8,4,,1
1143,ANALISIS DE REGISTROS SISMICOS,8,4,,1
1198,AUTOMATIZACION AVANZADA,8,4,,1
119,ESTRUCTURAS DISCRETAS,8,4,,1
1207,CALCULO INTEGRAL,9,4.5,,1
1208,TOPOGRAFIA II,12,6,,1
1209,DIBUJO MECANICO E INDUSTRIAL,6,3,,1
1210,QUIMICA GENERAL,10,5,,1
1211,INTRODUCCION A LA ECONOMIA,9,4.5,,1
1212,GEOLOGIA DE YACIMIENTOS DE FLUIDOS,9,4.5,,1
1213,ESTATICA ESTRUCTURAL,9,4.5,,1
1214,GEOMATICA,9,4.5,,1
1215,FUNDAMENTOS DE GEOLOGIA,9,4.5,,1
1216,QUIMICA,10,5,,1
1217,PRACTICAS DE TOPOGRAFIA II,5,2.5,,1
1218,TOPOGRAFIA II,9,4.5,,1
1220,ALGEBRA LINEAL,8,4,,1
1221,CALCULO INTEGRAL,8,4,,1
1222,CULTURA Y COMUNICACION,2,1,,1
1223,ESTATICA,8,4,,1
1224,INTRODUC A LA ING SISTEMAS BIOMEDICO,2,1,,1
1225,MANUFACTURA I,8,4,,1
1227,ESTRUCTURA DATOS Y ALGORITMOS I,10,5,,1
1228,MECANICA,12,6,,1
1229,GEOMATICA BASICA,9,4.5,,1
126,DISEÑO DE HERRAMENTAL,10,5,,1
129,DINAMICA DE SISTEMAS FISICOS,8,4,,1
12,ADMINISTRACION,6,3,,1
1306,ECUACIONES DIFERENCIALES,9,4.5,,1
130,DISEÑO ELEMENTOS DE MAQUINA,8,4,,1
1311,FOTOGRAMETRIA I,12,6,,1
1312,PROGRAMACION AVANZADA METDOS.NUMER,8,4,,1
1313,SISTEMAS DE COORDENADAS,6,3,,1
1314,PRINCIPIOS TERMODINAMICA ELECTRO MA,11,5.5,,1
1316,GEOLOGIA EXPLOTC. PETROL. AGUA VAPOR,10,5,,1
1317,ESTRUCTURA DATOS Y ALGORITMOS II,10,5,,1
1318,PRESUPUESTACION DE OBRAS,9,4.5,,1
1319,GEOMETRIA DESCRIPTIVA APLICADA,6,3,,1
1320,BIOQUIMICA,8,4,,1
1321,CALCULO VECTORIAL,8,4,,1
1322,CINEMATICA Y DINAMICA,8,4,,1
1323,PROGRAMACION ORIENTADA A OBJETOS,10,5,,1
1325,ECUACIONES DIFERENCIALES,8,4,,1
1327,GEOLOGIA FISICA,9,4.5,,1
1328,FISICA,10,5,,1
1329,PALEONTOLOGIA GENERAL,6,3,,1
1330,FUNDAM TERMODINAMICA ELECTROMAGNET,10,5,,1
1331,GEOLOGIA DE YACIMIENTOS DE FLUIDOS,8,4,,1
1332,MODELOS DE PROGRAMACION ORIENT.OBJET,6,3,,1
1333,SISTEMAS TERMODIN-ELECTROMAGNETISMO,8,4,,1
1334,FOTOGRAMETRIA,12,6,,1
138,DISPOSITIVOS ELECTRONICOS,10,5,,1
1402,HIDRAULICA BASICA,9,4.5,,1
1407,RECURSOS DE LA CONSTRUCCION,6,3,,1
1408,SISTEMAS ELECTROMECANICOS,8,4,,1
1409,TERMOFLUIDOS,10,5,,1
1413,INTRODUCCION A LA ECONOMIA,8,4,,1
1414,ELECTRICIDAD Y MAGNETISMO,10,5,,1
1416,TEM.SEL.FILOSOFIA CIEN-TECN.,6,3,,1
1417,FUNDAMENTOS DE GEODESIA,12,6,,1
1418,ANALISIS DE SISTEMAS Y SEÑALES,9,4.5,,1
1419,ENERGIA E IMPACTO AMBIENTAL,6,3,,1
141,EXPLORACION GEOQUIMICA MIN,6,3,,1
1420,LITERATURA HISPANOAMERICANA CONTEM,6,3,,1
1421,FISICA DE SEMICONDUCTORES,6,3,,1
1422,ALGORITMOS Y ESTRUCTURAS DE DATOS,9,4.5,,1
1423,ANALISIS NUMERICO,7,3.5,,1
1424,MATEMATICAS  AVANZADAS,8,4,,1
1425,PROP. DE LOS FLUIDOS PETROLEROS,9,4.5,,1
1426,QUIMICA PARA INGENIEROS PETROLEROS,10,5,,1
1427,PROGRAMACION Y CONSTRUC. ESTRUCTURA,9,4.5,,1
1428,ENERGIAS RENOVABLES,6,3,,1
1429,ESTRUCTURA Y PROGRAM. DE COMPUTADOR,9,4.5,,1
1430,GEOMATICA PARA CIENCIAS DE LA TIERRA,9,4.5,,1
1431,GEODINAMICA INTERNA,6,3,,1
1432,PALEONTOLOGIA GENERAL,9,4.5,,1
1433,ANALISIS NUMERICO,8,4,,1
1434,BIOLOGIA CELULAR Y TISULAR,6,3,,1
1436,PROBABILIDAD,8,4,,1
1437,TERMODINAMICA,10,5,,1
1438,TECNICAS GEOLOGICAS DE CAMPO,6,3,,1
1439,FLUIDOS DE PERFORACION,5,2.5,,1
143,DISEÑO DE SISTEMAS PRODUCTIVOS,8,4,,1
1440,GEOLOGIA Y GEOQUIMICA DEL PETROLEO,9,4.5,,1
1441,MECANICA DE FLUIDOS,8,4,,1
1442,PROPIEDADES DE LS FLUIDOS PETROLEROS,10,5,,1
1443,ANALISIS DE SISTEMAS Y SEÑALES,10,5,,1
1444,PROCEDIM.CONSTRUC.ELEMENT.ESTRUCTUR.,6,3,,1
1445,FUNDAMENTOS DE ESTADISTICA,8,4,,1
1446,ELECTROMAGNETISMO Y OPTICA,10,5,,1
1447,ESTADISTICA APLICADA ING. GEOMATICA,4,2,,1
1448,GEODESIA I,8,4,,1
1449,PROCESOS FOTOGRAMETRICOS,12,6,,1
1450,SISTEMAS QUIMICOS EN INGENIERIA,6,3,,1
1451,FUNDAMENTOS DE OPTICA,6,3,,1
1452,INTRODUCCION A FISICA DEL EDO. SOLID,8,4,,1
1453,SISTEMAS DIGITALES,8,4,,1
1454,SISTEMAS Y SEÑALES,8,4,,1
1455,ANALISIS QUIMICO,8,4,,1
1456,LEGISLACION MINERA,4,2,,1
1457,METODOS MEDICION MINERO-CARTOGRAFICO,11,5.5,,1
1458,CAMPOS Y ONDAS,8,4,,1
1459,DISPOSITIVOS DE RADIO-FRECUENCIA,10,5,,1
145,ELECTRONICA DE POTENCIA,8,4,,1
1460,ELEMENTOS DE CONTROL,6,3,,1
1461,FUNDAMENTOS DE PROCESOS ALEATORIOS,6,3,,1
1462,FUNDAMENTOS SISTEMAS DE COMUNICACION,10,5,,1
1463,TEORIA DE CIRCUITOS,8,4,,1
1464,FUNDAMENTOS DE METALURGIA EXTRACTIVA,8,4,,1
1465,FUNDAMENTOS PARA EXPLOTACION D MINAS,8,4,,1
1466,PROSPECCION Y EXPLORACION MINERA,6,3,,1
1467,CIRCUITOS DE RADIO-FRECUENCIA,10,5,,1
1468,INTRODUCCION A LA GEOFISICA,10,5,,1
1469,FUNDAMENTOS APLICAC.PROCES.DIGIT.SEÑ,6,3,,1
1470,INTRODUCCION A CODIFIC.FUENTE-CANAL,6,3,,1
1472,TECNICAS DE PROGRAMACION,10,5,,1
1473,SEÑALES Y SISTEMAS,8,4,,1
1503,ESTRUCTURA Y PROGRAMAC.COMPUTADOR,8,4,,1
1506,GEOLOGIA,9,4.5,,1
1507,HIDRAULICA DE CANALES,9,4.5,,1
1510,LEGISLACION TOPOGRAFICA,9,4.5,,1
1521,ELEMENTOS MEC.MEDIO CONTINUO,8,4,,1
1523,CONTABILIDAD FINANCIERA-COS.,6,3,,1
1525,INGENIERIA INDUS.PRODUCTIVID,6,3,,1
152,CIMENTACIONES,9,4.5,,1
1531,INGENIERIA DE SOFTWARE,8,4,,1
1533,GEODESIA II,12,6,,1
1534,INTRODUCCION BASE DATOS ESPACIALES,6,3,,1
1535,DISEÑO DIGITAL VLSI,8,4,,1
1537,FINANZAS EN  INGENIERIA  COMPUTACION,6,3,,1
1539,INGENIERIA ECONOMICA,6,3,,1
1540,MECANICA DE SOLIDOS,8,4,,1
1541,GEODESIA,9,4.5,,1
1542,GEOLOGIA Y GEOMORFOLOGIA,8,4,,1
1543,MODELACION MATEMATICA,6,3,,1
1544,SISTEMA POSICIONAMIENTO GLOBAL GPS,8,4,,1
1545,TEORIA DE LOS ERRORES I,6,3,,1
1546,ANALISIS DE CIRCUITOS ELECTRICOS,11,5.5,,1
1547,DINAMICA DE SISTEMAS FISICOS,9,4.5,,1
1548,CALCULO DE AJUSTES,6,3,,1
1549,TEORIA ELECTROMAGNETICA,11,5.5,,1
1550,ANALISIS DE CIRCUITOS,10,5,,1
1551,DISEÑO DE SISTEMAS DIGITALES,11,5.5,,1
1552,ESTRUCTURAS DISCRETAS,9,4.5,,1
1553,INGENIERIA DE SOFTWARE,9,4.5,,1
1554,SISTEMAS OPERATIVOS,9,4.5,,1
1555,FUNDAMENTOS DE MECANICA MEDIO CONTIN,6,3,,1
1556,VARIABLE COMPLEJA APLICADA GEOFIS.,9,4.5,,1
1557,ANALISIS QUIMICO,6,3,,1
1558,LEGISLACION APLICADA A LA MINERIA,6,3,,1
1559,TOPOGRAFIA PARA MINEROS,12,6,,1
1560,ANALISIS DE SEÑALES ALEATORIAS,6,3,,1
1561,CAMPOS Y ONDAS,6,3,,1
1562,CIRCUITOS ELECTRICOS,8,4,,1
1563,DISPOSITIVOS DE RF,8,4,,1
1564,ELEMENTOS DE CONTROL,8,4,,1
1565,FUNDAMENTOS DE SISTEMAS COMUNICAC.,11,5.5,,1
1566,SEDIMENTOLOGIA,9,4.5,,1
1567,TEORIA GENERAL DE SISTEMAS,6,3,,1
1568,CIENCIA DE MATERIALES,10,5,,1
1569,ESTADISTICA,8,4,,1
1570,INGENIERIA DE MATERIALES,10,5,,1
1571,INTRODUCC A  ANATOMIA Y FISIOLOG I,8,4,,1
1572,GEOLOGIA ESTRUCTURAL,8,4,,1
1573,GEOQUIMICA,8,4,,1
1574,MINERALOGIA OPTICA,9,4.5,,1
1575,GEOLOGIA DE CAMPO Y CARTOGRAFIA,6,3,,1
1576,GEOMORFOLOGIA,8,4,,1
1577,PROSPECCION GEOFISICA REGIST POZOS,9,4.5,,1
1578,SISTEMAS DE INFORMACION GEOGRAFICA,9,4.5,,1
1579,TECTONICA,8,4,,1
157,COMPORTAMIENTO DE YACIMIENTO,9,4.5,,1
1580,GEOLOGIA AMBIENTAL,8,4,,1
1581,HIDRAULICA E HIDROLOGIA,9,4.5,,1
1582,GEOLOGIA DEL SUBSUELO,8,4,,1
1583,MECANICA DE ROCAS,8,4,,1
1584,GEOESTADISTICA,8,4,,1
1585,GEOLOGIA HISTORICA,8,4,,1
1586,PROYECTOS DE INGENIERIA GEOLOGICA,8,4,,1
1587,GEOLOGIA DE MEXICO,8,4,,1
1588,BOMBEO Y COMPRESION DE HIDROCARBURO,8,4,,1
1589,PRINCIPIOS DE MECANICA DE YACIMIENT.,8,4,,1
1590,COMPUTACION GRAFICA E INTERAC.HUMANO,10,5,,1
1591,REGISTROS GEOFISICOS EN POZOS,10,5,,1
1592,ANALISIS DE CIRCUITOS ELECTRICOS,10,5,,1
1593,ESTADISTICA ING.ELECTRICA ELECTRONIC,4,2,,1
1594,FISICA DE SEMICONDUCTORES,8,4,,1
1595,INGENIERIA AMBIENTAL I,6,3,,1
1596,PROGRAMACION Y PRESUPUESTACION,6,3,,1
1598,REDES DE DATOS SEGURAS,14,7,,1
1599,FUNDAMENTOS DE CATASTRO,8,4,,1
1601,COMPORTAMIENTO DE SUELOS,9,4.5,,1
1608,MOVIMIENTO DE TIERRAS,6,3,,1
1617,DISEÑO DIGITAL,10,5,,1
1618,DISPOSITIVOS-CIRCUITOS ELECTRONICOS,10,5,,1
1624,ENERGIA E IMPACTO AMBIENTAL,8,4,,1
1625,FISICOQUIMICA,8,4,,1
1626,PETROLOGIA,8,4,,1
1628,QUIMICA APLICADA,7,3.5,,1
1637,TEORIA DE LOS ERRORES,6,3,,1
1638,FOTOGRAMETRIA II,12,6,,1
1639,ANALISIS ESPECTRAL SEÑALES,9,4.5,,1
163,ESTADISTICA APLICADA,8,4,,1
1641,TEORIA POTENCIAL APL.GEOFIS.,9,4.5,,1
1642,MINERALOGIA OPTICA-TEC.DETER,6,3,,1
1643,ADMINISTRACION PROYECTOS SOFTWARE,8,4,,1
1644,BASES DE DATOS,14,7,,1
1645,DISEÑO DIGITAL MODERNO,10,5,,1
1646,GEODESIA III,9,4.5,,1
1647,SISTEMAS DE POSICIONAMIENTO GLOBAL,8,4,,1
1648,GESTION AMBIENTAL,6,3,,1
1649,LEGISLACION APLIC.INGENIERIA GEOMAT.,6,3,,1
1652,SISTEMAS INFORMACION GEOGRAFICA I,9,4.5,,1
1653,TEORIA DE LOS ERRORES II,6,3,,1
1654,DISPOSITIVOS Y CIRCUITOS ELECTRON.,11,5.5,,1
1655,FUNDAMENTOS DE CONTROL,11,5.5,,1
1656,MAQUINAS ELECTRICAS I,11,5.5,,1
1657,SISTEMAS COMUNICACIONES ELECTRONIC,11,5.5,,1
1659,MECANISMOS,8,4,,1
1660,METALURGIA FISICA,10,5,,1
1661,CARACTERIZ. ESTATICA DE YACIMIENTOS,9,4.5,,1
1662,ELEMENTOS DE PERFORACION DE POZOS,10,5,,1
1663,FLUJO MULTIFASICO EN TUBERIAS,9,4.5,,1
1664,PLANEAC. ADMON. PROYEC. CIENC.TIERRA,6,3,,1
1665,PRODUCTIVIDAD DE POZOS,9,4.5,,1
1666,PROGRAMACION AVANZADA,6,3,,1
1667,INGENIERIA DE SISTEMAS,9,4.5,,1
1668,PLANEAC.INSTALAC.SISTEMAS BIOENERG.,6,3,,1
1669,COMPUTACION GRAFICA,8,4,,1
1670,LENGUAJES FORMALES Y AUTOMATAS,9,4.5,,1
1671,LENGUAJES DE PROGRAMACION,6,3,,1
1672,MICROCOMPUTADORAS,8,4,,1
1674,GEOLOGIA DE CAMPO,6,3,,1
1675,INFERENCIA ESTADISTICA,9,4.5,,1
1676,CARTOGRAFIA GEOLOGICA,9,4.5,,1
1677,PETROLOGIA METAMORFICA,9,4.5,,1
1678,FUNDAMENTOS PARA EXPLOTACION MINAS,9,4.5,,1
1679,PROYECTO GEOMETRICO OBRAS INFRAEST,9,4.5,,1
1680,CIRCUITOS DE RF,8,4,,1
1681,COMUNICACIONES  DIGITALES,11,5.5,,1
1682,MEDIOS DE TRANSMISION,8,4,,1
1683,PROCESAMIENTO DIG.SEÑALES COMUNIC.,9,4.5,,1
1684,TEORIA DE LA INFORMACION CODIFICAC,6,3,,1
1685,SISTEMAS DE PLANEACION,8,4,,1
1686,SISTEMAS DE COMUNICACIONES,8,4,,1
1688,QUIMICA PARA INGENIEROS CIVILES,10,5,,1
1689,PERCEPCION REMOTA I,9,4.5,,1
1690,PETROLOGIA IGNEA,9,4.5,,1
1691,ELECTRONICA BASICA,10,5,,1
1693,INTRODUCC A  ANATOM Y FISIOLOG II,10,5,,1
1695,ANALISIS DE BIOSEÑALES,10,5,,1
1698,MEDICIONES CLINICAS,10,5,,1
1699,SISTEMAS DE MEDICION TRADUCT MEDICOS,10,5,,1
1703,ANALISIS ESTRUCTURAL,9,4.5,,1
1706,CONCENTRACION DE MINERALES,9,4.5,,1
1710,FUNDAMENTOS TEORIA ELECTROM.,9,4.5,,1
1714,MECANICA DE SUELOS,9,4.5,,1
1723,AMPLIFICADORES ELECTRONICOS,10,5,,1
1727,ESTRATIGRAFIA,8,4,,1
1729,PETROLOGIA SEDIMENTARIA,9,4.5,,1
1730,HIDRAULICA MAQ.-TRANSITORIOS,9,4.5,,1
1731,INGENIERIA DE SISTEMAS II,9,4.5,,1
1734,INGENIERIA ECONOMICA,8,4,,1
1743,INTRO.DISEÑO FILTROS DIGIT.,9,4.5,,1
1744,PROCESOS DE MANUFACTURA I,10,5,,1
1745,RELACIONES LABORALES Y ORGANIZACIO,6,3,,1
1746,PROCESOS BOMBEO Y COMPRES. HIDROCAR,8,4,,1
1747,INVESTIGACION DE OPERACIONES II,8,4,,1
1748,DISEÑO DIGITAL,8,4,,1
1749,SISTEMAS ELECTRICOS DE POTENCIA I,11,5.5,,1
1750,CARTOGRAFIA,8,4,,1
1751,HIDROLOGIA APLICADA A LA GEOMATICA,9,4.5,,1
1752,PERCEPCION REMOTA II,9,4.5,,1
1753,SISTEMAS INFORMACION GEOGRAFICA II,9,4.5,,1
1755,MATERIALES NO METALICOS,10,5,,1
1756,MECANICA DE FLUIDOS II,10,5,,1
1757,CARACTERIZAC.DINAMICA DE YACIMIENTOS,9,4.5,,1
1758,EVALUAC. PROYEC. CIENC. DE LA TIERRA,6,3,,1
1759,INGENIERIA DE PERFORACION DE POZOS,10,5,,1
1760,ADMINISTRACION EN INGENIERIA,6,3,,1
1761,IMPACTO AMBIENTAL MANEJO RESID MUN,9,4.5,,1
1762,AQUITECTURA DE COMPUTADORAS,6,3,,1
1763,BASES DE DATOS,9,4.5,,1
1764,COMPILADORES,9,4.5,,1
1765,DISPOSITIVOS DE ALMACENAMIENTO E S,8,4,,1
1766,INTELIGENCIA ARTIFICIAL,9,4.5,,1
1767,REDES DE DATOS,11,5.5,,1
1768,PROSPECCION GRAVIMETR. Y MAGNETOMET,9,4.5,,1
1769,PETROLOGIA SEDIMENTARIA,9,4.5,,1
1770,TECTONICA,9,4.5,,1
1771,EXPLOTACION DE MINAS SUBTERRANEAS,9,4.5,,1
1772,MECANICA Y COMPORTAMIENTO DE MATER,6,3,,1
1773,ANTENAS,8,4,,1
1774,DISPOSITIVOS DE MICROONDAS I,8,4,,1
1775,RECEPTORES,8,4,,1
1776,REDES DE DATOS I,9,4.5,,1
1777,TECNOLOGIAS PROCS.DIGITAL DE SEÑAL,8,4,,1
1778,MECANICA DEL CUERPO HUMANO,10,5,,1
1779,PSICOLOGIA MEDICA,8,4,,1
1780,ACUSTICA Y OPTICA,10,5,,1
1781,BIOTERMOFLUIDOS I,10,5,,1
1782,DISEÑO DE ELEMENTOS DE MAQUINAS,8,4,,1
1783,ERGONOMIA,8,4,,1
1784,ESTADISTICA APLICADA,8,4,,1
1786,PLANEACION Y CONTROL DE RECURS HOSP,10,5,,1
1787,AMPLIF Y FILTRAD SEÑALES MEDICAS,10,5,,1
1789,"CIENCIA, TECNOLOGIA Y SOCIEDAD",4,2,,1
1790,INTRODUCCION ANALIS ECON EMPRESARIAL,4,2,,1
1791,MEXICO NACION MULTICULTURAL,4,2,,1
1792,SEM. SOCIOHUMANISTICO: HIST PROSP IN,2,1,,1
1793,SEM. SOCIOHUMANISTICO: ING Y POL PUB,2,1,,1
1794,SEM. SOCIOHUMANISTICO: ING SUSTENTAB,2,1,,1
1795,TALLER SOCIOHUMANISTICO: CREATIVIDAD,2,1,,1
1796,TALLER SOCIOHUMANISTICO: LIDERAZGO,2,1,,1
1797,TEMAS SELEC INGEN SIST BIOMED I,8,4,,1
1798,TEMAS SELEC INGEN SIST BIOMED II,8,4,,1
1799,TEMAS SELEC INGEN SIST BIOMED III,8,4,,1
1805,GEOTECNIA DE EXCAVACION,6,3,,1
1807,INSTRUMENTACION Y CONTROL,8,4,,1
1813,PIROMETALURGIA,9,4.5,,1
181,ELECTRONICA BASICA,10,5,,1
1822,CIRCUITOS INTEGRADOS ANALOGICOS,10,5,,1
1832,ABASTECIMIENTO AGUA POT-ALC.,9,4.5,,1
1835,ADMON.INVERSIONES MINERAS,9,4.5,,1
1837,YACIMIENTOS MINERALES,7,3.5,,1
1847,INTRO.AL TRATAMNTO.SEÑALES,9,4.5,,1
1850,METALOGENIA,9,4.5,,1
1851,PROCESOS DE MANUFACTURA II,10,5,,1
1852,SEMINARIO DE INGENIERIA,4,2,,1
1853,SISTEMAS DE CALIDAD,8,4,,1
1854,PROYECTO GEOMATICO,6,3,,1
1855,AMPLIFICADORES ELECTRONICOS,11,5.5,,1
1856,ELECTRONICA DE POTENCIA,9,4.5,,1
1857,MICROPROCESADORES Y MICROCONTROLAD,8,4,,1
1858,FUNDAMENTOS SISTEMAS EMBEBIDOS,8,4,,1
1859,MODELADO DE PROCESOS DE MANUFACTURA,10,5,,1
1860,TRANSFERENCIA DE CALOR,10,5,,1
1861,ADMON.SEGUR.INDUSTR.PROTEC.AMBIENT.,6,3,,1
1862,LEGISLACION DE LA INDUST. PETROLERA,6,3,,1
1863,RECUPERACION SECUNDARIA MEJORADA,9,4.5,,1
1864,TERMINACION Y MANTENIMIENTO POZOS,11,5.5,,1
1865,ADMINISTRACION DE PROYECT. SOFTWARE,6,3,,1
1866,ADMINISTRACION DE REDES,8,4,,1
1867,ORGANIZACION Y ARQUITEC.COMPUTADORA,8,4,,1
1868,PROSPECCION SISMICA,9,4.5,,1
1869,PROSPECCION ELECTRICA,9,4.5,,1
1870,ESTANCIAS PROFESIONALES,6,3,,1
1871,GEOLOGIA APLICADA A LA MINERIA,9,4.5,,1
1872,EXPLOTACION DE MINAS A CIELO ABIERTO,9,4.5,,1
1873,MATERIALES Y PROCEDIMIENTOS CONSTR,9,4.5,,1
1874,DISPOSITIVOS DE MICROONDAS II,8,4,,1
1875,SISTEMAS DE COMUNICACIONES OPTICAS,8,4,,1
1876,SISTEMAS DE RADIOCOMUNICACIONES I,9,4.5,,1
1877,TELEFONIA DIGITAL,8,4,,1
1878,TRANSMISORES,8,4,,1
1879,SISTEMAS DE CONTROL,11,5.5,,1
1880,PRACTICAS GENERALES,6,3,,1
1881,CONTROL AVANZADO,11,5.5,,1
1882,CONTROL DE ROBOTS INDUSTRIALES,8,4,,1
1883,CONTROLADORES INDUST. LOGICA PROGRM,8,4,,1
1884,TOPOGRAFIA III,12,6,,1
1885,INSTALACIONES ELECTRIC. INDUSTRIALS,6,3,,1
1888,INTROD.A LOS SISTEMAS ENERGETICOS,6,3,,1
1889,MAQUINAS ELECTRICAS II,11,5.5,,1
1890,PLANTAS GENERADORAS,6,3,,1
1892,PROTECCION DE SISTEMAS ELECTRICOS,11,5.5,,1
1893,SISTEMAS ELECTRONICOS ANALOGICOS,8,4,,1
1894,SUBESTACIONES ELECTRICAS,6,3,,1
1895,ASPECT LEGALES ORGAN AT'N MEDICA,8,4,,1
1896,INSTALACIONES HOSPITALARIAS,8,4,,1
1897,TEMAS SELEC INGEN SIST BIOMED IV,8,4,,1
1898,TEMAS SELEC INGEN SIST BIOMED V,8,4,,1
1899,TEMAS SELEC INGEN SIST BIOMED VI,8,4,,1
189,ESTRATIGRAFIA,6,3,,1
18,ADMINISTRACION,6,3,,1
1901,AUTOMATIZACION Y ROBOTICA,8,4,,1
1909,EVALUACION PROYTOS.INVERSION,6,3,,1
1911,HIDROELECTROMETALURGIA,9,4.5,,1
1914,INSTALACIONES MINERO.METALURGICAS,6,3,,1
1916,PROCESAMIENTO DIGITAL IMAGEN,8,4,,1
1918,PROCESOS INDUSTRIALES,8,4,,1
192,ESTUDIO DEL TRABAJO,10,5,,1
1935,TRATAMIENTO AGUAS RESIDUALES,9,4.5,,1
1936,SISTEMAS ELECTRICOS POTEN.I,10,5,,1
1937,MICROPROCESADORES-MICROCONT.,10,5,,1
1938,ECONOMIA MINERA,9,4.5,,1
1939,INSTALACIONES MINERO METALUR,8,4,,1
1943,PROCESOS INDUSTRIALES,8,4,,1
1944,SISTEMAS ARTIFICIALES PRODUC,9,4.5,,1
1947,ADMINISTRACION DE PROYECTOS,6,3,,1
1952,GEOLOGIA AMBIENTAL,6,3,,1
1955,EVALUACION DE PROYECTOS DE INVERSION,8,4,,1
1956,PROYECTO DE INGENIERIA,6,3,,1
1957,ELECTRONICA PARA TELECOMUNICACIONS,11,5.5,,1
1958,PROCESAMIENTO DIGITAL DE SEÑALES,9,4.5,,1
1959,SISTEMAS DISTRIBUIDOS,8,4,,1
1960,PRACTICAS PROFESIONALES,6,3,,1
1961,ADMINISTRACION INTEGRAL YACIMIENTO,9,4.5,,1
1962,CONDUCCION Y MANEJO PRODUC. HIDROCA,9,4.5,,1
1963,INGENIERIA DE YACIMIENTOS DE GAS,9,4.5,,1
1964,TEMAS SEL. DE PROGRAMACION I,6,3,,1
1965,TEM. SEL. DE INGENIERIA PETROLERA,6,3,,1
1966,INTEGRACION DE PROYECTOS,6,3,,1
1967,INVERSION DE DATOS GEOFISICO,6,3,,1
1968,PETROFISICA REGIS.GEOFISICOS POZO,11,5.5,,1
1969,PROSPECCION ELECTROMAGNETICA,9,4.5,,1
1970,GEOLOGIA HISTORICA Y DE MEXICO,9,4.5,,1
1971,OPERACIONES AUXILIARES EXPL. D MINAS,9,4.5,,1
1972,ADMINISTRACION REGULACION TELECOM.,6,3,,1
1973,SISTEMAS ELECTRONICOS LINEALES,8,4,,1
1974,REDES INALAMBRICAS Y MOVILES,6,3,,1
1975,SISTEMAS DE RADIOCOMUNICACIONES II,9,4.5,,1
1976,ESTANCIA,20,10,,1
1977,TEMAS SELEC INGEN SIST BIOMED VII,8,4,,1
1978,TEMAS SELEC AREA MEDICO BIOLOGICA,8,4,,1
1980,CARACTERIZACION ESTATICA DE YACIMIEN,8,4,,1
1981,COMPORTAMIENTO DE YACIMIENTOS,12,6,,1
1982,FLUJO MULTIFASICO EN TUBERIAS,8,4,,1
1983,PRODUCTIVIDAD DE POZOS,8,4,,1
1984,CARACTERIZAC DINAMICA DE YACIMIENTOS,8,4,,1
1985,PERFORACION NO CONVENCIONAL,12,6,,1
1986,RECUPERACION SECUNDARIA Y MEJORADA,12,6,,1
1987,SISTEMAS ARTIFICIALES DE PRODUCCION,12,6,,1
1988,INGENIERIA DE YACIMIENTOS DE GAS,8,4,,1
1989,TERMINACION Y MANTENIMIENTO DE POZOS,10,5,,1
1990,ADMINISTRACION INTEGRAL DE YACIMIENT,8,4,,1
1991,CONDUC MANEJO DE PRODUCC HIDROCARBU,8,4,,1
1992,ECONOMIA DE LOS HIDROCARBUROS,4,2,,1
1993,LEGISLACION DE  INDUSTRIA PETROLERA,8,4,,1
1994,PLANEACION Y EVALUAC PROYEC PETROLER,6,3,,1
1995,PROYECTOS INTEGRALES PETROLEROS,6,3,,1
1996,CIRCUITOS DIGITALES,10,5,,1
1997,FUNDAMENTOS DE CONTROL,10,5,,1
1998,MAQUINAS ELECTRICAS I,10,5,,1
1999,SISTEMAS DE COMUNICACIONES ELECTRONI,10,5,,1
2000,INSTRUMENTACION ELECTRONICA,8,4,,1
2001,INTRODUCCION A LA CONVERS.ENERGIA,6,3,,1
2002,PLANEACION SISTEMAS GENERAC.ELECTR,6,3,,1
2003,SISTEMAS DE DISTRIBUCION,6,3,,1
2004,SISTEMAS DE TRANSPORTE ELECTRICO,6,3,,1
2005,TEM.SEL.DE CONTROL Y ROBOTICA,6,3,,1
2006,TEM.SEL.DE ELECTRONICA,6,3,,1
2007,TEM.SEL.DE FISICA CONTEMPORANEA,7,3.5,,1
2008,TEM.SEL.DE INGENIERIA ELECTRICA,6,3,,1
2009,TEM.SEL.DE SISTEMAS ENERGETICOS,6,3,,1
2010,ASIGNAT.SOCIOHUMANIS.EN OTRA ENTID,6,3,,1
2011,PERFORACION POZOS AGUAS PROFUNDAS,8,4,,1
2012,USO EFICIENTES EN EQUIPOS SERVICIO,6,3,,1
2013,REGISTROS EN POZO ENTUBADO,8,4,,1
2014,PERCEPCION REMOTA APLICADA,7,3.5,,1
2015,TEMAS SELECTOS EXPLORACION MINERA,6,3,,1
2016,FUENTE SISMICA,6,3,,1
2017,ANALISIS DE REGISTROS SISMICOS,6,3,,1
2018,SISMOLOGIA DE MOVIMIENTOS FUERTES,6,3,,1
2019,TEMAS SELECTOS DE SISMOLOGIA,6,3,,1
2020,FISICA DE LA ATMOSFERA,9,4.5,,1
2021,SINOPSIS ATMOSFERICA,6,3,,1
2022,CLIMATOLOGIA,6,3,,1
2023,HIDROGEOLOGIA DE CONTAMINANTES,6,3,,1
2024,MODELACION DEL AGUA SUBTERRANEA,6,3,,1
2025,TEMAS SELECTOS DE HIDROGEOLOGIA,6,3,,1
2026,PROCESAMIENTO DATOS SISMICOS PETRO.,7,3.5,,1
2027,TEMAS SELECTOS EXPLORACION PETROL.,6,3,,1
2028,SISMOLOGIA APLICADA A LA GEOTECNIA,6,3,,1
2029,TEMAS SELECTOS DE GEOTECNIA,6,3,,1
2030,GEOQUIMICA APLICADA,6,3,,1
2032,TEMAS SELECTOS DE GEOFISICA AMBIEN.,6,3,,1
2033,CIENCIA DEL SUELO,6,3,,1
2034,HIDROGEOQUIMICA,6,3,,1
2035,CONTROL APLICADO,8,4,,1
2036,SISTEMAS DE INFORMAC. GEOGRAFICA I,9,4.5,,1
2037,TEMAS SELECTOS DE AMBIENTAL,6,3,,1
2038,DISEÑO OPERACION ALMACEN. RESID. MIN,6,3,,1
2039,EXPLOTACION DE CARBON,6,3,,1
2040,EXPLOTACION MINERALES ROCAS ORNAM.,6,3,,1
2041,FENOMENOS INTERFACIALES,6,3,,1
2042,MOLIENDA FINA Y ULTRAFINA,6,3,,1
2043,PRODUCCION DE CEMENTO,6,3,,1
2044,PROCESAMIENTO MATERIALES RESIDUALS,6,3,,1
2045,TEMAS SELECTOS DE METALURGIA,6,3,,1
2046,TEMAS SELECTOS DE MINERIA,6,3,,1
2048,DISPOSITIVOS CUANTICOS,6,3,,1
2049,DISPOSITIVOS OPTICOS,6,3,,1
2050,DETECCION Y ESTIMACION,6,3,,1
2051,FILTROS DIGITALES,6,3,,1
2052,LEGISLACION NORMALIZACION TELECOM.,6,3,,1
2053,PROCESAMIENTO ADAPTABLE DE SEÑALES,6,3,,1
2054,PROCESAMIENTO VIDEO DIGITAL COMUN.,6,3,,1
2055,RADIODIFUSION,6,3,,1
2056,REDES DE DATOS II,6,3,,1
2057,REDES OPTICAS Y DE MICROONDAS,6,3,,1
2059,TEMAS SELECTOS DE TELECOMUNICACION,6,3,,1
2060,ESTRUCTURAS DE PAVIMENTOS,9,4.5,,1
2061,HIDRAULICA URBANA,9,4.5,,1
2062,PROYEC. ESTRUC. EDIF.CONCRET.MAMPOST,9,4.5,,1
2063,PROYECTO DE ESTRUCTURAS METALICAS,9,4.5,,1
2064,TRATAMIENTO AGUA PARA CONSUM.HUMAN.,9,4.5,,1
2065,AUTOMATIZACION PROCES. CARTOGRAFIC.,8,4,,1
2066,CATASTRO,9,4.5,,1
2067,SIMULACION NUMER YACIM NATUR FRACTUR,8,4,,1
2068,HIDROGRAFIA,9,4.5,,1
2069,YACIMIENTOS GAS BAJA PERMEABILIDAD,8,4,,1
2070,TOPOGRAFIA DE YACIMIENTOS MINERALS,8,4,,1
2071,TEMAS SELECTOS CIENCIAS ATMOSFERICAS,6,3,,1
2072,TEMAS SELECTOS DE MATERIALES,8,4,,1
2073,DIAGNOSTICOS ENERGETICOS,8,4,,1
2074,DISEÑO DE SISTEMAS TERMICOS,8,4,,1
2076,MAQUINAS DE DESPLAZAMIENTO POSITIVO,8,4,,1
2077,TEMAS SELECTOS DE TERMOFLUIDOS I,8,4,,1
2078,TEMAS SELECTOS DE TERMOFLUIDOS II,8,4,,1
2079,BIOMATERIALES,10,5,,1
2080,RECURSOS Y NECESIDADES DE MEXICO,8,4,,1
2081,EQUIPOS Y HERRAMIENTAS PERFOR POZOS,8,4,,1
2082,EXPLORACION GEOTERMICA,8,4,,1
2083,EXPLORACION Y EVALUAC AGUAS SUBTERR,8,4,,1
2084,GEOLOGIA MARINA,8,4,,1
2085,GEOLOGIA URBANA,8,4,,1
2086,GEOMECANICA,8,4,,1
2087,GEOQUIMICA ORGANICA,8,4,,1
2088,GEOTECNIA DE EXCAVACION,8,4,,1
2089,HIDROGEOLOGIA DE CONTAMINANTES,8,4,,1
2090,MECANICA DE SUELOS CIENCIAS DE TIERR,8,4,,1
2091,MODELACION NUMERICA ING GEOLOGICA,8,4,,1
2092,MODELACION NUMERICA COMPUT ACUIFEROS,8,4,,1
2093,PALEONTOLOGIA ESTRATIGRAFICA,8,4,,1
2094,PETROFISICA Y REGIST GEOFISIC POZOS,10,5,,1
2095,RIESGO GEOLOGICO,8,4,,1
2096,TEMAS SELEC INGEN GEOLOGICA I,8,4,,1
2097,TEMAS SELEC INGEN GEOLOGICA II,8,4,,1
2098,TEMAS SELEC INGEN GEOLOGICA III,8,4,,1
2099,YACIMIENT MINERALS TECNIC ANALITICAS,9,4.5,,1
2103,CALIDAD,8,4,,1
2115,EXPLOR.Y EVAL.DE AGUAS SUB.,6,3,,1
2121,MECANICA DE ROCAS,6,3,,1
2125,PREPARACION MECANICA DE MINERALES,9,4.5,,1
2128,PROCESAMIENTO DATOS GEOFISIC,9,4.5,,1
2135,ROBOTICA,10,5,,1
2137,SISTEMAS MEJORAMIENTO AMBIEN,8,4,,1
213,FISICA MODERNA,6,3,,1
2147,VENTILACION,6,3,,1
214,FLUJO DE FLUIDOS MEDIO POROS,6,3,,1
2156,EVALUACION DE PROYECTOS,6,3,,1
2160,EVALUACION AMBIENTAL,6,3,,1
2165,SISTEMAS DE MANUFACTURA FLEXIBLE,8,4,,1
2171,SISTEMAS ELECTRON. LINEALES,7,3.5,,1
2172,TEM.SEL. DE MECATRONICA,8,4,,1
2180,SIMULACION MATEM.YACIMIENTOS,9,4.5,,1
2188,ETICA PROFESIONAL,6,3,,1
2189,PROYECTO TERMINAL MODULO SELECCIONAD,6,3,,1
21,AIRE ACONDI.Y REFRIGERACION,10,5,,1
2200,MOVILIDAD I,4,2,,1
2201,MOVILIDAD II,6,3,,1
2202,MOVILIDAD III,6,3,,1
2203,MOVILIDAD IV,6,3,,1
2204,MOVILIDAD V,6,3,,1
2205,MOVILIDAD VI,6,3,,1
2206,MOVILIDAD VII,8,4,,1
2207,MOVILIDAD VIII,8,4,,1
2208,MOVILIDAD IX,8,4,,1
2209,MOVILIDAD X,8,4,,1
2210,MOVILIDAD XI,10,5,,1
2211,FISICA EXPERIMENTAL,10,5,,1
2212,INTRODUCCION A LA INGENIERIA MECANIC,6,3,,1
2300,FUNDAMENTOS DE RADIO-ELECTRON.ESPAC,6,3,,1
2301,FUNDAMENTOS SISTEMAS COMANDO MANEJ,6,3,,1
2302,INNOVACION TECNOL.PROSPEC.TELECOMUN,6,3,,1
2303,INTRODUCC.ANALISIS COMPATIBIL.ELECTR,6,3,,1
2304,PROYECTO INVESTI.PARA TELECOMUNICAC.,6,3,,1
2305,"TEMAS SEL.DE NORMALIZAC,DESARR.INDUS",6,3,,1
2306,TEMAS SEL. DE TELECOMUNICACIONES,6,3,,1
2307,POLITICA Y LEGISLACION TELECOMUNICAC,6,3,,1
2308,TECNOLOGIAS PARA SOCIEDAD INFORMACIO,6,3,,1
2309,REDES EMBEBIDAS INALAMBRICAS,6,3,,1
230,DISEÑO ESTRUCTURAL,9,4.5,,1
2310,TECNOLOGIAS E INTERCONEXION REDES II,6,3,,1
2311,CODIFICACION MULTIMEDIA,6,3,,1
2312,TRANSMISION MULTIMEDIA,6,3,,1
2313,ANTENAS RECONFIGUR.ARREGLOS ANTENAS,6,3,,1
2314,INTRODUCC. A LOS SISTEMAS EMBEBIDOS,6,3,,1
2315,REDES OPTICAS Y DE ACCESO,6,3,,1
234,EDIFICACION,6,3,,1
2400,MATERIALES I,10,5,,1
2500,MATERIALES II,10,5,,1
2501,SISTEMAS DE CONVERSION ENERG.TERMICA,2,1,,1
2503,TEORIA DEL POTENCIAL APLIC.GEOFISICA,8,4,,1
2504,VARIABLE COMPLEJA APLIC.GEOFISICA,8,4,,1
252,GEOLOGIA ESTRUCTURAL,9,4.5,,1
2600,ESTADISTICA APLICADA A ING. CIVIL,6,3,,1
2601,INGENIERIA AMBIENTAL II,6,3,,1
2602,CONTABILIDAD F INANCIERA Y DE COSTOS,8,4,,1
2603,MANUFACTURA II,10,5,,1
2605,ANALISIS ESPECTRAL DE SEÑALES,8,4,,1
2606,FISICA DE LAS ONDAS,8,4,,1
2607,FUNDAMENTOS DE TEORIA ELECTROMAGNET,8,4,,1
2700,TEMAS ESP. DE SISTEMAS I,6,3,,1
2701,EXPLOTACION DE MINAS SUBTERRANEAS,8,4,,1
2702,MECANICA APLIC.PROCEDIM.CONSTRUCCION,8,4,,1
2703,PREPARACION Y CONCENTRAC.MINERALES,8,4,,1
2704,PROCESAM.SEÑALES DIGITAL.TIEMPO REAL,8,4,,1
2705,REDES DE TELECOMUNICACIONES,8,4,,1
2706,TRANSMISORES Y RECEPTORES,10,5,,1
2707,INTRODUCCION DISEÑO FILTROS DIGITALE,8,4,,1
2708,PROSPECCION GRAVIMETRICA-MAGNETOMETR,10,5,,1
2709,PROSPECCION SISMICA I,8,4,,1
274,ESTRUCTURAS DE CONCRETO,9,4.5,,1
275,ESTRUCTURAS ISOSTATICAS,9,4.5,,1
2800,ALCANTARILLADO SANITARIO-PLUVIAL,6,3,,1
2801,DIMENSIONAM.ELEMENTOS ESTRUCTURALES,6,3,,1
2802,AHORRO DE ENERGIA,8,4,,1
2803,INGENIERIA DE TRANSITO,6,3,,1
2804,DISEÑO DE LA CADENA DE SUMINISTROS,8,4,,1
2805,INSTALACIONES INDUSTRIALES,8,4,,1
2806,DINAMICA DE MAQUINARIA,10,5,,1
2807,ADMINISTRACION APLICADA A LA MINERIA,8,4,,1
2808,EXPLOTACION DE MINAS A CIELO ABIERTO,8,4,,1
2809,GESTION AMBIENTAL EN MINERIA,8,4,,1
2810,HIDRO Y PIROMETALURGIA,8,4,,1
2813,SISTEMAS DE RADIO-COMUNICACIONES I,8,4,,1
2814,TECNOLOGIAS E INTERCONEXION DE REDES,8,4,,1
2815,INTRODUCCION AL TRATAMIENTO  SEÑALES,8,4,,1
2816,PROSPECCION ELECTRICA,10,5,,1
2817,PROSPECCION SISMICA II,8,4,,1
289,GEOMORFOLOGIA,6,3,,1
2900,MAQUINAS ELECTRICAS II,10,5,,1
2901,PROCESAMIENTO DIGITAL DE SEÑALES,8,4,,1
2902,SISTEMAS EMBEBIDOS INSTRUM.CONTROL,8,4,,1
2903,TEMAS SEL.DE CONTROL Y ROBOTICA,6,3,,1
2904,FISIOLOGIA SISTEMAS HOMEOSTATICOS,8,4,,1
2905,FISIOLOGIA SISTEMA ENDOCRINO-NERVIOS,8,4,,1
2906,INGENIERIA CLINICA,8,4,,1
2907,MAQUINAS ELECTRICAS III,8,4,,1
2908,SISTEMAS ELECTRICOS DE POTENCIA II,10,5,,1
2909,CONTROL AVANZADO,10,5,,1
2910,CONTROLADORES INDUSTRIALES PROGRAM.,8,4,,1
2911,ROBOTICA INDUSTRIAL,8,4,,1
2912,INTRODUCCION A SISTEMAS ENERGETICOS,8,4,,1
2913,INGENIERIA DEL TRANSPORTE I,6,3,,1
2914,SISTEMAS DE CONTROL,10,5,,1
2915,INGENIERIA DEL TRANSPORTE II,6,3,,1
2916,INTEGRACION DE PROYECTOS,4,2,,1
2917,PRACTICAS PROFESIONAL.ING.INDUSTRIAL,12,6,,1
2919,ANALISIS Y MEJORA DE PROCESOS,6,3,,1
2920,DIRECCION DE PROYECTOS,6,3,,1
2921,SIMULACION,6,3,,1
2922,ANALISIS POR ELEMENTOS FINITOS,10,5,,1
2923,INGENIERIA ASISTIDA POR COMPUTADORA,10,5,,1
2924,MANUFACTURA III,10,5,,1
2925,MATERIALES III,10,5,,1
2926,SISTEMAS TERMOENERGETICOS,6,3,,1
2927,SISTEMAS EMBEBIDOS AVANZADOS,8,4,,1
2928,ADMINISTRACION DE POYECTOS TIC,8,4,,1
2929,BASES DE DATOS AVANZADAS,8,4,,1
2930,CRIPTOGRAFIA,8,4,,1
2931,NEGOCIOS ELECTRON.Y DESARR.DE WEB,8,4,,1
2932,ANALIS.PROCESAM.INTELIGEN.DE TEXTOS,8,4,,1
2933,MINERIA DE DATOS,8,4,,1
2934,SEGURIDAD INFORMATICA BASICA,8,4,,1
2935,ASTRONOMIA DE POSICION,9,4.5,,1
2936,CARTOGRAFIA DIGITAL,9,4.5,,1
2937,GEOMATICA APLICADA AL ORDENAM.TERRIT,9,4.5,,1
2938,GEOMATICA APLICADA AL TRANSPORTE,9,4.5,,1
2939,METODOS GEOFISICOS,9,4.5,,1
2940,PREANALISIS Y DISEÑO PROYEC.TOPOGRAF,9,4.5,,1
2941,PROGRAMACION APLIC. A LA GEOMATICA,6,3,,1
2942,TOPOGRAFIA APLIC.CONSTRUC.EDIFICACIO,9,4.5,,1
2944,ADMON.CENTROS TECNOLOGIA INFORMACIO,8,4,,1
2945,ADMON.SERVICIOS DE INTERNET,8,4,,1
2946,ARQUITECTURA CLIENTE-SERVIDOR,6,3,,1
2947,BASES DE DATOS DISTRIBUIDAS,8,4,,1
2948,COMPUTACION GRAFICA AVANZADA,8,4,,1
2949,FISICA CUANTICA,8,4,,1
2950,PROCESAMIENTO DE LENGUAJE NATURAL,6,3,,1
2951,PROGRAMACION MASIVA  ARQ.UNIFICADA,8,4,,1
2952,PROYECTO INVEST. ING. EN COMPUTACION,6,3,,1
2953,ROBOTS MOVILES,6,3,,1
2954,SEGURIDAD INFORMATICA AVANZADA,8,4,,1
2955,SEMINARIO TITULACION ING. EN COMPUT.,6,3,,1
2956,TEMAS SEL. DE ING. EN COMPUTACION I,8,4,,1
2957,TEMAS SEL. DE ING. EN COMPUTACION II,8,4,,1
2958,TEMAS SEL. DE ING.EN COMPUTACION III,6,3,,1
2959,ANALISIS EVALUCION PROYECTOS INVERS.,8,4,,1
2960,DISEÑO DE OPERACIONES METALURGICAS,8,4,,1
2961,INTRODUCCION DISEÑO OPERAC. MINERAS,8,4,,1
2962,REGULACION DE LAS TELECOMUNICACIONES,6,3,,1
2963,SISTEMAS DE RADIO-COMUNICACIONES II,8,4,,1
2964,GESTION DE SEGURIDAD E HIGIENE,8,4,,1
2965,DISEÑO DE OPERACIONES MINERAS,8,4,,1
2966,INVERSION DE DATOS GEOFISICOS,8,4,,1
2967,PROSPECCION EECTROMAGNETICA,10,5,,1
2968,GEOFISICA INTEGRAL,10,5,,1
2969,PROCESAMIENTO DE DATOS GEOFISICOS,10,5,,1
296,EXPLOT Y TRATAMI DE MINERALE,6,3,,1
298,FISICA DE LAS ONDAS,9,4.5,,1
3001,PROYECTO DE INVEST.ING.ELECTRIC-ELEC,6,3,,1
3002,SISTEMAS ELECTRONICOS,8,4,,1
3003,SISTEMAS OPERATIVOS EN TIEMPO REAL,8,4,,1
3006,SEGURIDAD E INSTALACIONES HOSPITALAR,8,4,,1
3007,TEMAS SEL. DE INGENIERIA BIOMEDICA,6,3,,1
3008,ENERGIAS RENOVABLES,8,4,,1
3009,FUNDAMENTOS DE INGENIERIA NUCLEAR,8,4,,1
300,FISICOQUIMICA,9,4.5,,1
3010,HERRAM.COMPUTAC.OPTIMZ.SIST.ENERGET.,8,4,,1
3011,INGENIERIA DE REACTORES NUCLEARES,8,4,,1
3012,INTRODUCCIONA A CONVERSION D ENERGIA,8,4,,1
3013,INTRODUCC. A FISICA DE REACT.NUCLEAR,8,4,,1
3014,INTRODUCC.AHORRO GESTION ENERGETICA,8,4,,1
3015,INTRODUCC.ANALISIS PROBAB.SEGURIDAD,8,4,,1
3016,PLANEACION DE SISTEMAS GENERAC.ELECT,8,4,,1
3017,PLANEACION E INSTALAC.SISTEM.BIOENER,8,4,,1
3019,SEGURIDAD DE REACTORES NUCLEARES,8,4,,1
3020,CREATIVIDAD E INNOVACION,6,3,,1
3021,METODOLOGIA PARA LA PLANEACION,6,3,,1
3022,RELACIONES LABORALES Y ORGANIZACION.,8,4,,1
3023,USO EFICIENTE EQUIPO DE SERVICIOS,8,4,,1
3025,INTRODUCCION A GERENCIA DE PROYECTOS,6,3,,1
3026,PREPARACION DE CURSOS  OBRA PUBLICA,6,3,,1
3027,SEGURIDAD Y PRODUCTIV.EN LAS OBRAS,6,3,,1
3028,SUPERVISION DE OBRAS,6,3,,1
3029,TEMAS ESP. DE CONSTRUCCION I,6,3,,1
3030,TEMAS ESP. DE CONSTRUCCION II,9,4.5,,1
3031,ESTRUCTURAS DE ACERO,9,4.5,,1
3032,ESTRUCTURAS DE MAMPOSTERIA,6,3,,1
3033,INGENIERIA SISMICA,6,3,,1
3034,PUENTES,9,4.5,,1
3035,TEMAS ESP. DE ESTRUCTURAS I,6,3,,1
3036,TEMAS ESP. DE ESTRUCTURAS II,9,4.5,,1
3037,BORDOS Y PRESAS,9,4.5,,1
3038,DINAMICA DE SUELOS,6,3,,1
3039,ESTRUCTURA DE PAVIMENTOS,6,3,,1
3040,FUNDAMENTOS DE MECANICA DE ROCAS,6,3,,1
3041,MECANICA DE SUELOS APLICADA,9,4.5,,1
3042,TEMAS ESP. DE GEOTECNIA I,6,3,,1
3043,TEMAS ESP. DE GEOTECNIA II,9,4.5,,1
3044,AGUA SUBTERRANEA,9,4.5,,1
3045,DISEÑO HIDRAUL. ESTRUCT.RIEGO X GRAV,6,3,,1
3046,HIDRAULICA DE RIOS,6,3,,1
3047,INGENIERIA DE COSTAS,6,3,,1
3048,MODELACION COMPUTACIONAL HIDRAULICA,6,3,,1
3049,TEMAS ESP. DE HIDRAULICA I,6,3,,1
3050,TEMAS ESP. DE HIDRAULICA II,9,4.5,,1
3051,EDIFICIOS SUSTENTABLES,6,3,,1
3052,ENERGIA RENOVABLE EN EDIFICIOS,6,3,,1
3053,ING.MANEJO SUSTENT.AGUA EN EDIFICIOS,6,3,,1
3054,PLANTAS DE TRATAM. AGUA CONSUMO HUM,6,3,,1
3055,PROYECTOS SUSTENTABLES DE INGENIERIA,6,3,,1
3056,TEMAS ESP. DE AMBIENTAL I,6,3,,1
3057,TEMAS ESP. DE AMBIENTAL II,9,4.5,,1
3058,AEROPUERTOS,9,4.5,,1
3059,CARRETERAS,9,4.5,,1
3060,CREATIVIDAD PARA INGENIEROS,6,3,,1
3061,FERROCARRILES,6,3,,1
3062,PUERTOS,9,4.5,,1
3063,TEMAS ESP. DE SISTEMAS II,9,4.5,,1
3064,SISTEMAS MANUFACTURA FLEXIBLE,8,4,,1
3065,COSTOS LOGIST.-SISTEMAS TRANSPORTES,6,3,,1
3066,INTELIGENCIA DE NEGOCIOS,6,3,,1
3067,LOGISTICA INVERSA,6,3,,1
3068,TEMAS SEL.GESTION CADENA SUMINISTROS,6,3,,1
3070,ERGONOMIA EN EL TRABAJO,6,3,,1
3071,INGENIERIA AUTOMOTRIZ I,8,4,,1
3072,MANUFACTURA LEAN,6,3,,1
3073,COMERCIO INTERNACIONAL,6,3,,1
3074,SISTEMAS PRODUCCION AVANZADOS,6,3,,1
3075,TEMAS SEL.PRODUCCION-MANUFACTURA,6,3,,1
3076,FINANZAS COORPORATIVAS,6,3,,1
3077,TEMAS SEL.DIRECCION-CREAC.EMPRESAS,6,3,,1
3078,DISEÑO SUSTENTABLE,8,4,,1
3080,INGENIERIA AUTOMOTRIZ II,8,4,,1
3081,PLANTAS TERMOELECTRICAS Y SIST.COGEN,8,4,,1
3083,TEMAS SEL.INGENIERIA DE DISEÑO I,8,4,,1
3084,TEMAS SEL. INGENIERIA DE DISEÑO II,8,4,,1
3085,TEMAS SEL. DE INGENIERIA MECANICA I,8,4,,1
3086,TEMAS SEL. DE INGENIERIA MECANICA II,8,4,,1
3087,TEMAS SEL.ING.MATERIALES-MANUFAC. I,8,4,,1
3088,TEMAS SEL.ING.MATERIALES-MANUFAC.II,8,4,,1
3089,TEMAS SEL. DE MECATRONICA I,8,4,,1
3090,TEMAS SEL. DE MECATRONICA II,8,4,,1
3091,CIERRE DE OPERACIONES MINERAS,8,4,,1
3092,DEPOSITOS DE RESIDUOS MINEROS,8,4,,1
3093,FENOMENOS INTERFACIALES,8,4,,1
3094,MINERALES NO METALICOS,8,4,,1
3095,MOLIENDA FINA Y ULTRAFINA,8,4,,1
3097,VOLADURA DE ROCAS,8,4,,1
3098,TEMAS SEL. DE PROGRAMACION II,8,4,,1
309,GEOESTADISTICA,6,3,,1
312,GEOLOGIA APLIC. A LA ING.  CIV.,9,4.5,,1
318,GEOLOGIA GENERAL,9,4.5,,1
320,GEOLOGIA DEL PETROLEO,9,4.5,,1
32,ABAST DE AGUA POTABLE,6,3,,1
339,INVESTIGACION OPERACIONES I,8,4,,1
352,INTRODUCCION A LA GEOFISICA,6,3,,1
354,INGENIERIA DE PROCESOS INDUSTRIALES,8,4,,1
370,GEOLOGIA DEL SUBSUELO,6,3,,1
379,HIDROLOGIA,9,4.5,,1
387,INGENIERIA DE SISTEMAS I,6,3,,1
391,INSTALACIONES ELECTROMEC,8,4,,1
406,INTELIGENCIA ARTIFICIAL,8,4,,1
411,GEOQUIMICA,9,4.5,,1
412,EXPLORACION GEOTERMICA,6,3,,1
414,GEOQUIMICA DEL PETROLEO,6,3,,1
416,MECANICA DEL MEDIO CONTINUO,9,4.5,,1
419,EXPLORACION GEOFISICA,9,4.5,,1
422,AUTOMATIZACION,10,5,,1
423,INSTALACIONES ELECTRICAS,8,4,,1
424,GEOLOGIA GENERAL,9,4.5,,1
425,CIRCUITOS PARA COMUNICACIONES,10,5,,1
426,DISPOSITIVOS ELECTRONICOS PROGRAMABL,8,4,,1
427,INTRODUCCION A LA TECNOLOGIA MEMS,8,4,,1
428,AMPLIFICADORES PARA MICROONDAS,6,3,,1
434,COMPILADORES,8,4,,1
440,LABORATORIO DE MAQUINAS TERM,4,2,,1
442,LENGUAJES FORMALES-AUTOMATAS,8,4,,1
461,MECANICA DE FLUIDOS,9,4.5,,1
462,MECANICA D FLUIDOS I,10,5,,1
465,MECANICA DE MATERIALES I,9,4.5,,1
466,MECANICA DE MATERIALES II,9,4.5,,1
468,MECANICA DE ROCAS,6,3,,1
487,MINERALOGIA,9,4.5,,1
493,MICROPALEONTOLOGIA,6,3,,1
495,MECANICA DE SUELOS,6,3,,1
507,INGENIERIA DE MANUFACTURA,10,5,,1
508,MODELADO DE SISTEMAS FISICOS,8,4,,1
510,INSTRUMENTACION,8,4,,1
513,TECNICAS DE PROGRAMACION,8,4,,1
526,CIRCUITOS DIGITALES,10,5,,1
530,ANALISIS Y DISEÑO DE REDES DE DATOS,6,3,,1
531,MECANICA DEL MEDIO CONTINUO,8,4,,1
536,MECANICA DE FLUIDOS II,10,5,,1
547,MAQUINAS DESPLAMTO. POSITIVO,8,4,,1
549,MAQUINAS ELECTRICAS,10,5,,1
54,DIBUJO,6,3,,1
551,CONTROL AUTOMATICO,8,4,,1
558,MEDICION E INSTRUMENTACION,8,4,,1
560,METALOGENIA,9,4.5,,1
563,DISEÑO MECATRONICO,10,5,,1
572,AUTOMATIZACION INDUSTRIAL,8,4,,1
574,INTRODUC. SISTEMAS NO LINEALES,8,4,,1
575,ANALIS PROCESAM.INTELIGEN.DE TEXTOS,6,3,,1
576,PROCESAMIENTO DE SENALES,8,4,,1
577,INGENIERIA DE MATERIALES,10,5,,1
583,ELECTRONICA DIGITAL,8,4,,1
602,APRENDIZAJE,6,3,,1
605,TEMAS SELEC. DE PROGRAMACION,8,4,,1
606,ARQUITECTURAS CLIENTE SERVIDOR,6,3,,1
607,AUDIOMETRIA,6,3,,1
608,BASES DE DATOS AVANZADAS,6,3,,1
609,BASE DE DATOS DISTRIBUIDAS,6,3,,1
610,OBRAS HIDRAULICAS,9,4.5,,1
616,ACUSTICA Y OPTICA,9,4.5,,1
619,PLANEAC Y CONTROL D PRODUCC,10,5,,1
61,DIBUJO,6,3,,1
620,BASES DE DATOS ESPACIALES,6,3,,1
621,CIRCUITOS INTEGRADOS ANALOGICOS,11,5.5,,1
627,PLANTAS GENERADORAS,8,4,,1
628,PLANTAS TERMOELECTRICAS,8,4,,1
62,ALGEBRA LINEAL,9,4.5,,1
632,PROCESOS CORTE MATERIALES,10,5,,1
636,PROTECCION DE SISTS.ELECTRIC,10,5,,1
63,CALCULO VECTORIAL,9,4.5,,1
640,CODIFICACION DE AUDIO Y VIDEO,6,3,,1
642,PLANEACION,6,3,,1
65,ESTATICA,9,4.5,,1
663,PALEONTOLOGIA ESTRATIGRAFICA,9,4.5,,1
666,PERFORACION Y SONDEOS,6,3,,1
669,PROSPECCION MINERA,6,3,,1
66,CINEMATICA Y DINAMICA,9,4.5,,1
674,COMPUTO MOVIL,6,3,,1
675,COMPRESION DE DATOS,6,3,,1
676,COMPUTO DE ALTO DESEMPEÑO,6,3,,1
677,COMPUTACION GRAFICA AVANZADA,6,3,,1
678,CONTROL AUTOMATICO INDUSTRIAL,8,4,,1
681,CRIPTOGRAFIA,6,3,,1
682,DESARROLLO DE SOFTWARE SEGURO,6,3,,1
684,DEPOSITOS DE DATOS,6,3,,1
686,DISEÑO ASISTIDO POR COMPUTADORA,6,3,,1
687,DISEÑO INTERFASES PARA COMPUTADORS,6,3,,1
689,DISEÑO INTERFACES MULTIM. REAL. VIRT,6,3,,1
68,TERMODINAMICA,11,5.5,,1
692,FUNDAMENTOS DE INSTRUMENTAC. BIOMEDI,8,4,,1
693,INSTRUMENTACION VIRTUAL,8,4,,1
695,MINERIA DE DATOS,6,3,,1
699,PROCES.CORPUS TEXTUALES Y ORALES,6,3,,1
700,BIOMEMS Y DISPOSITIVOS LAB ON A CHIP,6,3,,1
712,PROBABILIDAD Y ESTADISTICA,9,4.5,,1
71,ELECTRICIDAD Y MAGNETISMO,11,5.5,,1
720,PROYECTOS MINERO METALURGICOS,9,4.5,,1
751,PROCESAMIENTO DEL LENGUAJE NATURAL,6,3,,1
752,PROCESAMIENTO DIGITAL DE VOZ,6,3,,1
753,PROCESAMIENTO DIGITAL DE IMAGENES,6,3,,1
754,PROCESAM.DIGIT.IMAGEN.MEDIC:IMAGEN,8,4,,1
755,PROYECTO DE INVESTIGACION,6,3,,1
756,ROBOTS MOVILES Y AGENTES INTELIGEN,6,3,,1
757,RECONOCIMIENTO DE PATRONES,6,3,,1
758,REDES INALAMBRICAS AVANZADAS,6,3,,1
762,RECURSOS Y NECESIDADES DE MEXICO,6,3,,1
767,MEMS PARA RADIOFRECUENCIA,6,3,,1
768,PROCESADORES MULTINUCLEO,8,4,,1
781,SISTEMAS DE TRANSPORTE,9,4.5,,1
818,SEGURIDAD INDUSTRIAL,6,3,,1
824,SEDIMENTOLOGIA,6,3,,1
832,SEGURIDAD E HIGIENE,6,3,,1
840,SISTEMAS OPERATIVOS,8,4,,1
859,TECNOLOGIA DE MATERIALES,10,5,,1
879,TEORIA ELECTROMAGNETICA,10,5,,1
880,SEGURIDAD INFORMATICA I,6,3,,1
892,TOPOGRAFIA DE MINAS,6,3,,1
900,TURBOMAQUINARIA,8,4,,1
901,TERMODINAMICA APLICADA,8,4,,1
914,VENTILACION,8,4,,1
915,VIBRACIONES MECANICAS,8,4,,1
916,SEGURIDAD INFORMATICA II,6,3,,1
917,SEMINARIO DE TITULACION,6,3,,1
918,SISTEMAS DIFUSOS,6,3,,1
919,SISTEMAS EMBEBIDOS,6,3,,1
920,YACIMIENTOS MINER.-MINERAGRA,9,4.5,,1
928,SISTEMAS EN TIEMPO REAL,6,3,,1
929,SISTEMAS EXPERTOS,6,3,,1
930,APLICACIONES OPTOELECT. EN MEDICINA,8,4,,1
934,ERGONOMIA,8,4,,1
936,INTRODUCCION A LA FISIOLOGIA,8,4,,1
937,INTRODUCCION A LA ANATOMIA,8,4,,1
942,TEMAS SELECTOS DE INGENIER. BIOMED.,8,4,,1
943,ADMINIST.CENTROS TECNOL.DE INFORMA,8,4,,1
944,COSTOS Y EVALUACION DE PROYECTOS,6,3,,1
945,CREATIVIDAD,6,3,,1
946,CALIDAD,6,3,,1
947,DESARROLLO EMPRESARIAL,6,3,,1
948,TEMAS SELECTOS,8,4,,1
949,INTRODUCCION A LA BIOFISICA,6,3,,1
950,INTRODUCCION AL ANALIS.ECON.EMPRES,6,3,,1
951,NEGOCIOS ELECTRONICOS,6,3,,1
952,OPTIMIZACION DE OPERACIONES,8,4,,1
953,REDACCION Y EXPOSIC.TEMAS DE INGEN,6,3,,1
954,ANTENAS EN ARREGLOS DE FASE,6,3,,1
955,SIST.Y EQUIP.BIOMEDICS.ELECTRONICS,6,3,,1
956,ASEGURAMIENTO DE FLUJO,8,4,,1
957,TELESALUD,6,3,,1
958,TEM.SEL.DE BASES DE DATOS,6,3,,1
959,TEM.SEL.DE GRAFICACION,6,3,,1
960,CARACTERIZ ESTATICA DINAMICA DE YNF,8,4,,1
961,TEM.SEL.DE INGENIERIA DE HARDWARE,6,3,,1
962,TEM. SEL. DE INGENIERIA DE SOFTWARE,6,3,,1
963,TEMAS SELECTOS DE NORMALIZACION,6,3,,1
964,TEMP. SEL. DE REDES Y SEGURIDAD,6,3,,1
965,TEM.SEL.DE SISTEMAS INTELIGENTES,6,3,,1
966,TEM.SEL.DE TECNOLOGIAS DEL LENGUAJE,6,3,,1
967,TRANSDUCTORES BIOMEDICOS,6,3,,1
968,VERIFICACION Y VALIDACION SOFTWARE,6,3,,1
969,PETROFISICA Y REGISTROS DE POZOS,9,4.5,,1
970,COMERCIALIZACION CRUDO Y GAS NATURAL,8,4,,1
971,DISEÑO DEL PRODUCTO,8,4,,1
972,DISEÑO Y MANUFACT. ASIST. COMPUTADOR,10,5,,1
974,FUNDAMENTOS DE INGENIERIA TEXTIL,6,3,,1
975,INGENIERIA AUTOMOTRIZ,10,5,,1
976,LOGISTICA,6,3,,1
977,FRACTURAMIENTO HIDRAULICO,8,4,,1
978,METROLOGIA APLIC MEDIC CAUDAL HIDROC,8,4,,1
979,METODOS GEOFICOS PARA PETROLEROS,8,4,,1
980,SISTEMAS DE PRODUCCION AVANZADOS,8,4,,1
981,TEM. SEL. PRODUCCION Y MANUFACTURA,6,3,,1
982,ANALISIS FINANCIERO,6,3,,1
983,DESARROLLO DE HABILIDADES DIRECTIVAS,6,3,,1
984,ENVASE Y EMBALAJE,6,3,,1
985,LEGISLACION INDUSTRIAL,6,3,,1
987,ORGANIZACION INDUSTRIAL,6,3,,1
988,REINGENIERIA DE SISTEMAS,6,3,,1
989,SISTEMAS DE COMERCIALIZACION,6,3,,1
990,TEM. SEL. DE LOGISTICA Y SISTEMAS,6,3,,1
991,ANALIS.POR ELEMENTOS FINITOS,8,4,,1
992,INGENIERIA DE DISEÑO,10,5,,1
993,TEM. SEL. DE DISEÑO I,8,4,,1
995,TEM. SEL. DE DISEÑO II,8,4,,1
997,DETERIORO DE MATERIALES,8,4,,1
999,INGENIERIA DE SUPERFICIES,8,4,,1